,best_k,silhouette_score
apple,9,0.3359160004127263
nintendo,9,0.33671578472348623
samsung,9,0.2887327686555552
