,best_k,silhouette_score
apple,9,0.33591600041272635
nintendo,9,0.33671578472322067
samsung,9,0.2887327686555552
